variavel_tecnica;coeficiente;coeficiente_absoluto;variavel;direcao
categoricas__DS_OCUPACAO_VEREADOR;3,1689813378625833;3,1689813378625833;Ocupação: VEREADOR;Maior probabilidade estimada de eleição
categoricas__DS_OCUPACAO_SECRETÁRIO E DATILÓGRAFO;1,6896917791883315;1,6896917791883315;Ocupação: SECRETÁRIO E DATILÓGRAFO;Maior probabilidade estimada de eleição
categoricas__DS_OCUPACAO_ENFERMEIRO;1,4583032134398792;1,4583032134398792;Ocupação: ENFERMEIRO;Maior probabilidade estimada de eleição
categoricas__DS_OCUPACAO_SECRETÁRIO,ESTENÓGRAFO,DATILÓGRAFO,RECEPCIONISTA,TELEFONISTA,TAQUÍGRAF;1,3729588984592045;1,3729588984592045;Ocupação: SECRETÁRIO,ESTENÓGRAFO,DATILÓGRAFO,RECEPCIONISTA,TELEFONISTA,TAQUÍGRAF;Maior probabilidade estimada de eleição
categoricas__DS_OCUPACAO_ASSISTENTE SOCIAL;1,3314815451627733;1,3314815451627733;Ocupação: ASSISTENTE SOCIAL;Maior probabilidade estimada de eleição
categoricas__DS_OCUPACAO_ZOOTECNISTA;1,3258355891431721;1,3258355891431721;Ocupação: ZOOTECNISTA;Maior probabilidade estimada de eleição
categoricas__DS_OCUPACAO_COMUNICÓLOGO;1,1784980428037184;1,1784980428037184;Ocupação: COMUNICÓLOGO;Maior probabilidade estimada de eleição
categoricas__DS_OCUPACAO_ESTETICISTA;1,1089656634097662;1,1089656634097662;Ocupação: ESTETICISTA;Maior probabilidade estimada de eleição
categoricas__DS_OCUPACAO_PECUARISTA;1,0311104137720521;1,0311104137720521;Ocupação: PECUARISTA;Maior probabilidade estimada de eleição
categoricas__DS_OCUPACAO_FARMACÊUTICO;1,0177818972033423;1,0177818972033423;Ocupação: FARMACÊUTICO;Maior probabilidade estimada de eleição
categoricas__DS_OCUPACAO_TRABALHADOR FLORESTAL;0,9983255018676145;0,9983255018676145;Ocupação: TRABALHADOR FLORESTAL;Maior probabilidade estimada de eleição
categoricas__DS_OCUPACAO_ODONTÓLOGO;0,9773079773686033;0,9773079773686033;Ocupação: ODONTÓLOGO;Maior probabilidade estimada de eleição
categoricas__SG_PARTIDO_PSD;0,9439485607205461;0,9439485607205461;Partido: PSD;Maior probabilidade estimada de eleição
categoricas__SG_PARTIDO_PV;0,9201696238058861;0,9201696238058861;Partido: PV;Maior probabilidade estimada de eleição
categoricas__DS_OCUPACAO_SENADOR, DEPUTADO E VEREADOR;0,9091953171401272;0,9091953171401272;Ocupação: SENADOR, DEPUTADO E VEREADOR;Maior probabilidade estimada de eleição
categoricas__DS_OCUPACAO_SERVIDOR PÚBLICO MUNICIPAL;0,9082777736516552;0,9082777736516552;Ocupação: SERVIDOR PÚBLICO MUNICIPAL;Maior probabilidade estimada de eleição
categoricas__DS_OCUPACAO_ANALISTA DE SISTEMAS;0,8812035932748997;0,8812035932748997;Ocupação: ANALISTA DE SISTEMAS;Maior probabilidade estimada de eleição
categoricas__DS_OCUPACAO_ELETRICISTA E ASSEMELHADOS;0,8643490621101795;0,8643490621101795;Ocupação: ELETRICISTA E ASSEMELHADOS;Maior probabilidade estimada de eleição
categoricas__DS_OCUPACAO_AGENTE DE VIAGEM;0,8353604426613778;0,8353604426613778;Ocupação: AGENTE DE VIAGEM;Maior probabilidade estimada de eleição
categoricas__DS_OCUPACAO_AGRICULTOR;0,8153520987097248;0,8153520987097248;Ocupação: AGRICULTOR;Maior probabilidade estimada de eleição
categoricas__DS_OCUPACAO_ENCANADOR,SOLDADOR,CHAPEADOR,CALDEIREIRO,MONTADOR DE ESTRUTURA METÁLIC;0,7937345129502767;0,7937345129502767;Ocupação: ENCANADOR,SOLDADOR,CHAPEADOR,CALDEIREIRO,MONTADOR DE ESTRUTURA METÁLIC;Maior probabilidade estimada de eleição
categoricas__DS_OCUPACAO_AGENTE DE SAÚDE E SANITARISTA;0,7929014870643328;0,7929014870643328;Ocupação: AGENTE DE SAÚDE E SANITARISTA;Maior probabilidade estimada de eleição
categoricas__DS_OCUPACAO_TRABALHADOR DOS SERVIÇOS DE CONTABILIDADE, DE CAIXA E ASSEMELHADOS;0,7875804425041419;0,7875804425041419;Ocupação: TRABALHADOR DOS SERVIÇOS DE CONTABILIDADE, DE CAIXA E ASSEMELHADOS;Maior probabilidade estimada de eleição
categoricas__DS_OCUPACAO_PEDAGOGO;0,7626741587607385;0,7626741587607385;Ocupação: PEDAGOGO;Maior probabilidade estimada de eleição
categoricas__DS_OCUPACAO_TÉCNICO CONTABILIDADE, ESTATÍSTICA, ECONOMIA DOMÉSTICA E ADMINISTRAÇÃO;0,7481685167267728;0,7481685167267728;Ocupação: TÉCNICO CONTABILIDADE, ESTATÍSTICA, ECONOMIA DOMÉSTICA E ADMINISTRAÇÃO;Maior probabilidade estimada de eleição
categoricas__DS_OCUPACAO_PROFESSOR DE ENSINO MÉDIO;0,736279752301258;0,736279752301258;Ocupação: PROFESSOR DE ENSINO MÉDIO;Maior probabilidade estimada de eleição
categoricas__DS_OCUPACAO_COMERCIANTE;0,717263609325363;0,717263609325363;Ocupação: COMERCIANTE;Maior probabilidade estimada de eleição
categoricas__DS_OCUPACAO_TÉCNICO DE ENFERMAGEM E ASSEMELHADOS (EXCETO ENFERMEIRO);0,7076326730686753;0,7076326730686753;Ocupação: TÉCNICO DE ENFERMAGEM E ASSEMELHADOS (EXCETO ENFERMEIRO);Maior probabilidade estimada de eleição
categoricas__DS_OCUPACAO_INDUSTRIAL;0,7039716834742097;0,7039716834742097;Ocupação: INDUSTRIAL;Maior probabilidade estimada de eleição
categoricas__DS_OCUPACAO_SERVIDOR PÚBLICO FEDERAL;0,7024783083534077;0,7024783083534077;Ocupação: SERVIDOR PÚBLICO FEDERAL;Maior probabilidade estimada de eleição
categoricas__SG_PARTIDO_PT;0,6883592534704541;0,6883592534704541;Partido: PT;Maior probabilidade estimada de eleição
categoricas__SG_PARTIDO_PC do B;0,6729397007666352;0,6729397007666352;Partido: PC do B;Maior probabilidade estimada de eleição
categoricas__DS_OCUPACAO_PROFESSOR DE ENSINO FUNDAMENTAL;0,671844747851361;0,671844747851361;Ocupação: PROFESSOR DE ENSINO FUNDAMENTAL;Maior probabilidade estimada de eleição
categoricas__DS_OCUPACAO_PROTÉTICO;0,6692235481630159;0,6692235481630159;Ocupação: PROTÉTICO;Maior probabilidade estimada de eleição
categoricas__SG_PARTIDO_AVANTE;0,6665850833336422;0,6665850833336422;Partido: AVANTE;Maior probabilidade estimada de eleição
categoricas__DS_OCUPACAO_ADMINISTRADOR;0,6276708116930857;0,6276708116930857;Ocupação: ADMINISTRADOR;Maior probabilidade estimada de eleição
categoricas__DS_OCUPACAO_ARTESÃO;0,6121773427669607;0,6121773427669607;Ocupação: ARTESÃO;Maior probabilidade estimada de eleição
categoricas__DS_OCUPACAO_CARPINTEIRO, MARCENEIRO E ASSEMELHADOS;0,6095414519098243;0,6095414519098243;Ocupação: CARPINTEIRO, MARCENEIRO E ASSEMELHADOS;Maior probabilidade estimada de eleição
categoricas__DS_OCUPACAO_DIRETOR DE ESTABELECIMENTO DE ENSINO;0,5959661121803341;0,5959661121803341;Ocupação: DIRETOR DE ESTABELECIMENTO DE ENSINO;Maior probabilidade estimada de eleição
categoricas__DS_OCUPACAO_ADVOGADO;0,5743851629424156;0,5743851629424156;Ocupação: ADVOGADO;Maior probabilidade estimada de eleição
categoricas__SG_PARTIDO_UNIÃO;0,5648525170783146;0,5648525170783146;Partido: UNIÃO;Maior probabilidade estimada de eleição
categoricas__SG_PARTIDO_PP;0,5638808250263991;0,5638808250263991;Partido: PP;Maior probabilidade estimada de eleição
categoricas__DS_OCUPACAO_PROFESSOR E INSTRUTOR DE FORMAÇÃO PROFISSIONAL;0,5507466216240942;0,5507466216240942;Ocupação: PROFESSOR E INSTRUTOR DE FORMAÇÃO PROFISSIONAL;Maior probabilidade estimada de eleição
categoricas__DS_OCUPACAO_SERVIDOR PÚBLICO CIVIL APOSENTADO;0,5378675463956948;0,5378675463956948;Ocupação: SERVIDOR PÚBLICO CIVIL APOSENTADO;Maior probabilidade estimada de eleição
categoricas__SG_PARTIDO_PSDB;0,5357426595006137;0,5357426595006137;Partido: PSDB;Maior probabilidade estimada de eleição
categoricas__DS_OCUPACAO_PRODUTOR AGROPECUÁRIO;0,5253908475739091;0,5253908475739091;Ocupação: PRODUTOR AGROPECUÁRIO;Maior probabilidade estimada de eleição
categoricas__DS_OCUPACAO_PSICÓLOGO;0,5164566156860362;0,5164566156860362;Ocupação: PSICÓLOGO;Maior probabilidade estimada de eleição
categoricas__DS_OCUPACAO_ENCANADOR, SOLDADOR, CHAPEADOR E CALDEIREIRO;0,5153800132224149;0,5153800132224149;Ocupação: ENCANADOR, SOLDADOR, CHAPEADOR E CALDEIREIRO;Maior probabilidade estimada de eleição
categoricas__DS_OCUPACAO_VENDEDOR DE COMÉRCIO VAREJISTA E ATACADISTA;0,5028273201112201;0,5028273201112201;Ocupação: VENDEDOR DE COMÉRCIO VAREJISTA E ATACADISTA;Maior probabilidade estimada de eleição
categoricas__DS_OCUPACAO_TRABALHADOR RURAL;0,4871867874623079;0,4871867874623079;Ocupação: TRABALHADOR RURAL;Maior probabilidade estimada de eleição
categoricas__DS_OCUPACAO_MOTORISTA DE VEÍCULOS DE TRANSPORTE DE CARGA;0,47804713997267373;0,47804713997267373;Ocupação: MOTORISTA DE VEÍCULOS DE TRANSPORTE DE CARGA;Maior probabilidade estimada de eleição
categoricas__DS_OCUPACAO_EMPRESÁRIO;0,4721993792875874;0,4721993792875874;Ocupação: EMPRESÁRIO;Maior probabilidade estimada de eleição
categoricas__SG_PARTIDO_MDB;0,47200198680577493;0,47200198680577493;Partido: MDB;Maior probabilidade estimada de eleição
categoricas__DS_OCUPACAO_SERVIDOR PÚBLICO ESTADUAL;0,4517184630236317;0,4517184630236317;Ocupação: SERVIDOR PÚBLICO ESTADUAL;Maior probabilidade estimada de eleição
categoricas__DS_OCUPACAO_TÉCNICO EM EDIFICAÇÕES;0,42782042635595957;0,42782042635595957;Ocupação: TÉCNICO EM EDIFICAÇÕES;Maior probabilidade estimada de eleição
categoricas__DS_OCUPACAO_ENGENHEIRO;0,4250488356861146;0,4250488356861146;Ocupação: ENGENHEIRO;Maior probabilidade estimada de eleição
categoricas__DS_OCUPACAO_FISIOTERAPEUTA E TERAPEUTA OCUPACIONAL;0,42302377052961765;0,42302377052961765;Ocupação: FISIOTERAPEUTA E TERAPEUTA OCUPACIONAL;Maior probabilidade estimada de eleição
categoricas__DS_OCUPACAO_GERENTE;0,4156757115228932;0,4156757115228932;Ocupação: GERENTE;Maior probabilidade estimada de eleição
categoricas__DS_OCUPACAO_MOTORISTA DE VEÍCULOS DE TRANSPORTE COLETIVO DE PASSAGEIROS;0,4141937239435792;0,4141937239435792;Ocupação: MOTORISTA DE VEÍCULOS DE TRANSPORTE COLETIVO DE PASSAGEIROS;Maior probabilidade estimada de eleição
categoricas__SG_PARTIDO_PSB;0,4089447632038187;0,4089447632038187;Partido: PSB;Maior probabilidade estimada de eleição
categoricas__DS_OCUPACAO_COMERCIÁRIO;0,4019189869940524;0,4019189869940524;Ocupação: COMERCIÁRIO;Maior probabilidade estimada de eleição
categoricas__DS_OCUPACAO_CONTADOR;0,3906060944945477;0,3906060944945477;Ocupação: CONTADOR;Maior probabilidade estimada de eleição
categoricas__DS_OCUPACAO_PROFESSOR DE ENSINO DE PRIMEIRO E SEGUNDO GRAUS;0,39016169524960675;0,39016169524960675;Ocupação: PROFESSOR DE ENSINO DE PRIMEIRO E SEGUNDO GRAUS;Maior probabilidade estimada de eleição
categoricas__DS_OCUPACAO_NUTRICIONISTA E ASSEMELHADOS;0,37766912149763193;0,37766912149763193;Ocupação: NUTRICIONISTA E ASSEMELHADOS;Maior probabilidade estimada de eleição
categoricas__DS_OCUPACAO_ATLETA PROFISSIONAL E TÉCNICO EM DESPORTOS;0,3663074357312634;0,3663074357312634;Ocupação: ATLETA PROFISSIONAL E TÉCNICO EM DESPORTOS;Maior probabilidade estimada de eleição
categoricas__DS_GRAU_INSTRUCAO_SUPERIOR COMPLETO;0,36467460441328836;0,36467460441328836;Escolaridade: SUPERIOR COMPLETO;Maior probabilidade estimada de eleição
categoricas__DS_OCUPACAO_AGENTE ADMINISTRATIVO;0,3632134490150372;0,3632134490150372;Ocupação: AGENTE ADMINISTRATIVO;Maior probabilidade estimada de eleição
categoricas__DS_OCUPACAO_JARDINEIRO;0,34548667249047166;0,34548667249047166;Ocupação: JARDINEIRO;Maior probabilidade estimada de eleição
categoricas__SG_PARTIDO_PODE;0,3437572276641588;0,3437572276641588;Partido: PODE;Maior probabilidade estimada de eleição
categoricas__DS_OCUPACAO_BIÓLOGO;0,3155591058477598;0,3155591058477598;Ocupação: BIÓLOGO;Maior probabilidade estimada de eleição
categoricas__DS_OCUPACAO_DESPACHANTE;0,30049591767584705;0,30049591767584705;Ocupação: DESPACHANTE;Maior probabilidade estimada de eleição
categoricas__DS_OCUPACAO_SERVENTUÁRIO DE JUSTIÇA;0,2952721463681027;0,2952721463681027;Ocupação: SERVENTUÁRIO DE JUSTIÇA;Maior probabilidade estimada de eleição
categoricas__DS_OCUPACAO_POLICIAL CIVIL;0,2858345904473161;0,2858345904473161;Ocupação: POLICIAL CIVIL;Maior probabilidade estimada de eleição
categoricas__DS_OCUPACAO_OUTROS;0,27420639067950914;0,27420639067950914;Ocupação: OUTROS;Maior probabilidade estimada de eleição
categoricas__DS_OCUPACAO_POLICIAL MILITAR;0,26533674516561095;0,26533674516561095;Ocupação: POLICIAL MILITAR;Maior probabilidade estimada de eleição
categoricas__DS_GRAU_INSTRUCAO_SUPERIOR INCOMPLETO;0,26337151546633725;0,26337151546633725;Escolaridade: SUPERIOR INCOMPLETO;Maior probabilidade estimada de eleição
numericas__log_patrimonio;0,24827435040879114;0,24827435040879114;Patrimônio declarado (escala logarítmica);Maior probabilidade estimada de eleição
categoricas__DS_OCUPACAO_RECEPCIONISTA;0,23089231958328402;0,23089231958328402;Ocupação: RECEPCIONISTA;Maior probabilidade estimada de eleição
numericas__quantidade_bens;0,22671771341466204;0,22671771341466204;Quantidade de bens declarados;Maior probabilidade estimada de eleição
categoricas__DS_OCUPACAO_MÉDICO;0,222900249786081;0,222900249786081;Ocupação: MÉDICO;Maior probabilidade estimada de eleição
categoricas__SG_PARTIDO_REPUBLICANOS;0,18487604852251668;0,18487604852251668;Partido: REPUBLICANOS;Maior probabilidade estimada de eleição
categoricas__DS_OCUPACAO_REPRESENTANTE COMERCIAL;0,17972501526377657;0,17972501526377657;Ocupação: REPRESENTANTE COMERCIAL;Maior probabilidade estimada de eleição
categoricas__SG_PARTIDO_SOLIDARIEDADE;0,16697542317210606;0,16697542317210606;Partido: SOLIDARIEDADE;Maior probabilidade estimada de eleição
categoricas__DS_OCUPACAO_ARQUITETO;0,1665772494592652;0,1665772494592652;Ocupação: ARQUITETO;Maior probabilidade estimada de eleição
categoricas__DS_OCUPACAO_BIOMÉDICO;0,15408031674385883;0,15408031674385883;Ocupação: BIOMÉDICO;Maior probabilidade estimada de eleição
categoricas__SG_PARTIDO_PRD;0,15339392461591458;0,15339392461591458;Partido: PRD;Maior probabilidade estimada de eleição
categoricas__DS_OCUPACAO_CABELEIREIRO E BARBEIRO;0,1504431775958946;0,1504431775958946;Ocupação: CABELEIREIRO E BARBEIRO;Maior probabilidade estimada de eleição
categoricas__DS_OCUPACAO_APOSENTADO (EXCETO SERVIDOR PÚBLICO);0,13502724572723812;0,13502724572723812;Ocupação: APOSENTADO (EXCETO SERVIDOR PÚBLICO);Maior probabilidade estimada de eleição
categoricas__DS_OCUPACAO_PESCADOR;0,13489376613517057;0,13489376613517057;Ocupação: PESCADOR;Maior probabilidade estimada de eleição
categoricas__DS_OCUPACAO_FRENTISTA;0,13353552573476746;0,13353552573476746;Ocupação: FRENTISTA;Maior probabilidade estimada de eleição
categoricas__DS_OCUPACAO_TÉCNICO DE LABORATÓRIO E RAIOS X;0,1311749108967419;0,1311749108967419;Ocupação: TÉCNICO DE LABORATÓRIO E RAIOS X;Maior probabilidade estimada de eleição
categoricas__DS_OCUPACAO_MOTORISTA PARTICULAR;0,12816839110491654;0,12816839110491654;Ocupação: MOTORISTA PARTICULAR;Maior probabilidade estimada de eleição
categoricas__DS_OCUPACAO_ESTUDANTE, BOLSISTA, ESTAGIÁRIO E ASSEMELHADOS;0,06695311695995872;0,06695311695995872;Ocupação: ESTUDANTE, BOLSISTA, ESTAGIÁRIO E ASSEMELHADOS;Maior probabilidade estimada de eleição
categoricas__DS_GRAU_INSTRUCAO_ENSINO MÉDIO COMPLETO;0,06287940304147302;0,06287940304147302;Escolaridade: ENSINO MÉDIO COMPLETO;Maior probabilidade estimada de eleição
categoricas__DS_OCUPACAO_OPERADOR DE APARELHOS DE PRODUÇÃO INDUSTRIAL;0,04709242681076025;0,04709242681076025;Ocupação: OPERADOR DE APARELHOS DE PRODUÇÃO INDUSTRIAL;Maior probabilidade estimada de eleição
categoricas__DS_OCUPACAO_FEIRANTE, AMBULANTE E MASCATE;0,046359662515985195;0,046359662515985195;Ocupação: FEIRANTE, AMBULANTE E MASCATE;Maior probabilidade estimada de eleição
categoricas__DS_COR_RACA_BRANCA;0,024125468256269322;0,024125468256269322;Cor/raça: BRANCA;Maior probabilidade estimada de eleição
categoricas__DS_GENERO_MASCULINO;0,023766908397100026;0,023766908397100026;Gênero: MASCULINO;Maior probabilidade estimada de eleição
categoricas__DS_OCUPACAO_TÉCNICO EM AGRONOMIA E AGRIMENSURA;0,010307559099363752;0,010307559099363752;Ocupação: TÉCNICO EM AGRONOMIA E AGRIMENSURA;Maior probabilidade estimada de eleição
categoricas__DS_OCUPACAO_COZINHEIRO;0,006974242520806184;0,006974242520806184;Ocupação: COZINHEIRO;Maior probabilidade estimada de eleição
categoricas__DS_OCUPACAO_MOTOBOY;-2,057966848791406;2,057966848791406;Ocupação: MOTOBOY;Menor probabilidade estimada de eleição
categoricas__SG_PARTIDO_NOVO;-1,627166162422414;1,627166162422414;Partido: NOVO;Menor probabilidade estimada de eleição
categoricas__DS_OCUPACAO_SERRALHEIRO;-1,4217488703478622;1,4217488703478622;Ocupação: SERRALHEIRO;Menor probabilidade estimada de eleição
categoricas__DS_OCUPACAO_PORTEIRO DE EDIFÍCIO, ASCENSORISTA, GARAGISTA E ZELADOR;-1,2292627827872058;1,2292627827872058;Ocupação: PORTEIRO DE EDIFÍCIO, ASCENSORISTA, GARAGISTA E ZELADOR;Menor probabilidade estimada de eleição
categoricas__SG_PARTIDO_PRTB;-1,208871598386959;1,208871598386959;Partido: PRTB;Menor probabilidade estimada de eleição
categoricas__DS_GENERO_FEMININO;-1,1092739093780788;1,1092739093780788;Gênero: FEMININO;Menor probabilidade estimada de eleição
categoricas__DS_OCUPACAO_PUBLICITÁRIO;-1,1061629210640438;1,1061629210640438;Ocupação: PUBLICITÁRIO;Menor probabilidade estimada de eleição
categoricas__DS_OCUPACAO_ATENDENTE DE LANCHONETE E RESTAURANTE;-1,020798731424171;1,020798731424171;Ocupação: ATENDENTE DE LANCHONETE E RESTAURANTE;Menor probabilidade estimada de eleição
categoricas__DS_OCUPACAO_TÉCNICO EM INFORMÁTICA;-0,9749714369431373;0,9749714369431373;Ocupação: TÉCNICO EM INFORMÁTICA;Menor probabilidade estimada de eleição
categoricas__DS_OCUPACAO_FAXINEIRO;-0,9655109098493774;0,9655109098493774;Ocupação: FAXINEIRO;Menor probabilidade estimada de eleição
categoricas__SG_PARTIDO_PSOL;-0,9490706331587179;0,9490706331587179;Partido: PSOL;Menor probabilidade estimada de eleição
categoricas__DS_GRAU_INSTRUCAO_LÊ E ESCREVE;-0,9362839149187685;0,9362839149187685;Escolaridade: LÊ E ESCREVE;Menor probabilidade estimada de eleição
categoricas__DS_OCUPACAO_AGENTE POSTAL;-0,8931574665647459;0,8931574665647459;Ocupação: AGENTE POSTAL;Menor probabilidade estimada de eleição
categoricas__DS_OCUPACAO_PRODUTOR DE ESPETÁCULOS PÚBLICOS;-0,8929651159535381;0,8929651159535381;Ocupação: PRODUTOR DE ESPETÁCULOS PÚBLICOS;Menor probabilidade estimada de eleição
categoricas__DS_OCUPACAO_BOMBEIRO CIVIL;-0,8764885848727019;0,8764885848727019;Ocupação: BOMBEIRO CIVIL;Menor probabilidade estimada de eleição
categoricas__DS_OCUPACAO_EMPREGADO DOMÉSTICO;-0,847410257465752;0,847410257465752;Ocupação: EMPREGADO DOMÉSTICO;Menor probabilidade estimada de eleição
categoricas__DS_OCUPACAO_PORTEIRO DE EDIFÍCIO, ASCENSORISTA, GARAGISTA, FAXINEIRO E ZELADOR;-0,8442828073503572;0,8442828073503572;Ocupação: PORTEIRO DE EDIFÍCIO, ASCENSORISTA, GARAGISTA, FAXINEIRO E ZELADOR;Menor probabilidade estimada de eleição
categoricas__SG_PARTIDO_DC;-0,8335956354858787;0,8335956354858787;Partido: DC;Menor probabilidade estimada de eleição
categoricas__DS_OCUPACAO_TAXISTA;-0,8241329309701317;0,8241329309701317;Ocupação: TAXISTA;Menor probabilidade estimada de eleição
categoricas__DS_OCUPACAO_MONTADOR DE ESTRUTURA METÁLICA;-0,816499347972312;0,816499347972312;Ocupação: MONTADOR DE ESTRUTURA METÁLICA;Menor probabilidade estimada de eleição
categoricas__DS_OCUPACAO_VENDEDOR PRACISTA, REPRESENTANTE, CAIXEIRO-VIAJANTE E ASSEMELHADOS;-0,7969482235384637;0,7969482235384637;Ocupação: VENDEDOR PRACISTA, REPRESENTANTE, CAIXEIRO-VIAJANTE E ASSEMELHADOS;Menor probabilidade estimada de eleição
categoricas__DS_OCUPACAO_MASSAGISTA;-0,7523482800730424;0,7523482800730424;Ocupação: MASSAGISTA;Menor probabilidade estimada de eleição
categoricas__SG_PARTIDO_CIDADANIA;-0,7500674189220641;0,7500674189220641;Partido: CIDADANIA;Menor probabilidade estimada de eleição
categoricas__DS_OCUPACAO_FOTÓGRAFO E ASSEMELHADOS;-0,7374667530067733;0,7374667530067733;Ocupação: FOTÓGRAFO E ASSEMELHADOS;Menor probabilidade estimada de eleição
categoricas__DS_OCUPACAO_COBRADOR DE TRANSPORTE COLETIVO;-0,7373697630885612;0,7373697630885612;Ocupação: COBRADOR DE TRANSPORTE COLETIVO;Menor probabilidade estimada de eleição
categoricas__DS_OCUPACAO_PADEIRO, CONFEITEIRO E ASSEMELHADOS;-0,7067419064115921;0,7067419064115921;Ocupação: PADEIRO, CONFEITEIRO E ASSEMELHADOS;Menor probabilidade estimada de eleição
categoricas__DS_OCUPACAO_TRABALHADOR METALÚRGICO E SIDERÚRGICO;-0,6981290868690824;0,6981290868690824;Ocupação: TRABALHADOR METALÚRGICO E SIDERÚRGICO;Menor probabilidade estimada de eleição
categoricas__DS_OCUPACAO_ARTISTA PLÁSTICO E ASSEMELHADOS;-0,6963762396398442;0,6963762396398442;Ocupação: ARTISTA PLÁSTICO E ASSEMELHADOS;Menor probabilidade estimada de eleição
categoricas__DS_OCUPACAO_GUIA DE TURISMO;-0,6857087800196737;0,6857087800196737;Ocupação: GUIA DE TURISMO;Menor probabilidade estimada de eleição
categoricas__DS_OCUPACAO_TERAPEUTA;-0,646120401972217;0,646120401972217;Ocupação: TERAPEUTA;Menor probabilidade estimada de eleição
categoricas__DS_OCUPACAO_MANICURE E MAQUILADOR;-0,6456997704481998;0,6456997704481998;Ocupação: MANICURE E MAQUILADOR;Menor probabilidade estimada de eleição
categoricas__DS_OCUPACAO_ALMOXARIFE;-0,6390902867467244;0,6390902867467244;Ocupação: ALMOXARIFE;Menor probabilidade estimada de eleição
categoricas__SG_PARTIDO_PL;-0,6364663561132045;0,6364663561132045;Partido: PL;Menor probabilidade estimada de eleição
categoricas__DS_OCUPACAO_SUPERVISOR, INSPETOR E AGENTE DE COMPRAS E VENDAS;-0,6272115387574484;0,6272115387574484;Ocupação: SUPERVISOR, INSPETOR E AGENTE DE COMPRAS E VENDAS;Menor probabilidade estimada de eleição
categoricas__DS_OCUPACAO_OPERADOR DE IMPLEMENTO DE AGRICULTURA, PECUÁRIA E EXPLORAÇÃO FLORESTAL;-0,6132418583871337;0,6132418583871337;Ocupação: OPERADOR DE IMPLEMENTO DE AGRICULTURA, PECUÁRIA E EXPLORAÇÃO FLORESTAL;Menor probabilidade estimada de eleição
categoricas__SG_PARTIDO_PMB;-0,603099274639688;0,603099274639688;Partido: PMB;Menor probabilidade estimada de eleição
categoricas__DS_OCUPACAO_TÉCNICO DE MECÂNICA;-0,5946749292605973;0,5946749292605973;Ocupação: TÉCNICO DE MECÂNICA;Menor probabilidade estimada de eleição
categoricas__DS_OCUPACAO_TRABALHADOR DE CONSTRUÇÃO CIVIL;-0,5849847525320839;0,5849847525320839;Ocupação: TRABALHADOR DE CONSTRUÇÃO CIVIL;Menor probabilidade estimada de eleição
categoricas__DS_OCUPACAO_ANTROPÓLOGO;-0,572548196807429;0,572548196807429;Ocupação: ANTROPÓLOGO;Menor probabilidade estimada de eleição
categoricas__DS_OCUPACAO_HISTORIADOR;-0,5634780718094504;0,5634780718094504;Ocupação: HISTORIADOR;Menor probabilidade estimada de eleição
categoricas__DS_OCUPACAO_OPERADOR DE EQUIPAMENTO DE RÁDIO, TELEVISÃO, SOM E CINEMA;-0,5516170302874444;0,5516170302874444;Ocupação: OPERADOR DE EQUIPAMENTO DE RÁDIO, TELEVISÃO, SOM E CINEMA;Menor probabilidade estimada de eleição
categoricas__DS_OCUPACAO_CIENTISTA POLÍTICO;-0,5316838354223976;0,5316838354223976;Ocupação: CIENTISTA POLÍTICO;Menor probabilidade estimada de eleição
categoricas__DS_OCUPACAO_PROFESSOR DE ENSINO SUPERIOR;-0,5147386259184317;0,5147386259184317;Ocupação: PROFESSOR DE ENSINO SUPERIOR;Menor probabilidade estimada de eleição
categoricas__SG_PARTIDO_REDE;-0,5139940347809593;0,5139940347809593;Partido: REDE;Menor probabilidade estimada de eleição
categoricas__SG_PARTIDO_MOBILIZA;-0,5126585415807986;0,5126585415807986;Partido: MOBILIZA;Menor probabilidade estimada de eleição
categoricas__DS_OCUPACAO_TRABALHADOR DE FABRICAÇÃO DE CALÇADOS E ARTEFATOS DE COURO;-0,5120096443283828;0,5120096443283828;Ocupação: TRABALHADOR DE FABRICAÇÃO DE CALÇADOS E ARTEFATOS DE COURO;Menor probabilidade estimada de eleição
categoricas__DS_OCUPACAO_GEÓGRAFO;-0,4883206838415775;0,4883206838415775;Ocupação: GEÓGRAFO;Menor probabilidade estimada de eleição
categoricas__DS_OCUPACAO_FUNILEIRO;-0,4729749831474651;0,4729749831474651;Ocupação: FUNILEIRO;Menor probabilidade estimada de eleição
categoricas__DS_OCUPACAO_SOCIÓLOGO;-0,4723831752946593;0,4723831752946593;Ocupação: SOCIÓLOGO;Menor probabilidade estimada de eleição
categoricas__DS_COR_RACA_PRETA;-0,46709907000846007;0,46709907000846007;Cor/raça: PRETA;Menor probabilidade estimada de eleição
categoricas__DS_OCUPACAO_OFFICE-BOY E CONTÍNUO;-0,46313446918096685;0,46313446918096685;Ocupação: OFFICE-BOY E CONTÍNUO;Menor probabilidade estimada de eleição
categoricas__DS_OCUPACAO_ESTOFADOR;-0,4597367821070168;0,4597367821070168;Ocupação: ESTOFADOR;Menor probabilidade estimada de eleição
categoricas__DS_OCUPACAO_TORNEIRO MECÂNICO;-0,4354885599165666;0,4354885599165666;Ocupação: TORNEIRO MECÂNICO;Menor probabilidade estimada de eleição
categoricas__DS_OCUPACAO_LAVADOR DE VEÍCULOS;-0,4347765650930811;0,4347765650930811;Ocupação: LAVADOR DE VEÍCULOS;Menor probabilidade estimada de eleição
categoricas__DS_OCUPACAO_BOMBEIRO MILITAR;-0,43408417976041147;0,43408417976041147;Ocupação: BOMBEIRO MILITAR;Menor probabilidade estimada de eleição
categoricas__DS_OCUPACAO_GARIMPEIRO;-0,4267078489204644;0,4267078489204644;Ocupação: GARIMPEIRO;Menor probabilidade estimada de eleição
categoricas__DS_OCUPACAO_AUXILIAR DE ESCRITÓRIO E ASSEMELHADOS;-0,41319046227540984;0,41319046227540984;Ocupação: AUXILIAR DE ESCRITÓRIO E ASSEMELHADOS;Menor probabilidade estimada de eleição
categoricas__DS_OCUPACAO_CATADOR DE RECICLÁVEIS;-0,4119871418010308;0,4119871418010308;Ocupação: CATADOR DE RECICLÁVEIS;Menor probabilidade estimada de eleição
categoricas__DS_COR_RACA_AMARELA;-0,40499659621461376;0,40499659621461376;Cor/raça: AMARELA;Menor probabilidade estimada de eleição
categoricas__DS_OCUPACAO_SACERDOTE OU MEMBRO DE ORDEM OU SEITA RELIGIOSA;-0,4022241067167485;0,4022241067167485;Ocupação: SACERDOTE OU MEMBRO DE ORDEM OU SEITA RELIGIOSA;Menor probabilidade estimada de eleição
categoricas__DS_OCUPACAO_MÚSICO;-0,39875943453510726;0,39875943453510726;Ocupação: MÚSICO;Menor probabilidade estimada de eleição
categoricas__DS_OCUPACAO_TÉCNICO DE OBRAS CIVIS, ESTRADAS, SANEAMENTO E ASSEMELHADOS;-0,3800843590817484;0,3800843590817484;Ocupação: TÉCNICO DE OBRAS CIVIS, ESTRADAS, SANEAMENTO E ASSEMELHADOS;Menor probabilidade estimada de eleição
categoricas__DS_OCUPACAO_TRABALHADOR DE ARTES GRÁFICAS;-0,36751499841690544;0,36751499841690544;Ocupação: TRABALHADOR DE ARTES GRÁFICAS;Menor probabilidade estimada de eleição
categoricas__DS_OCUPACAO_DESENHISTA;-0,35056836272811415;0,35056836272811415;Ocupação: DESENHISTA;Menor probabilidade estimada de eleição
categoricas__DS_OCUPACAO_TÉCNICO DE BIOLOGIA;-0,34425913097126537;0,34425913097126537;Ocupação: TÉCNICO DE BIOLOGIA;Menor probabilidade estimada de eleição
categoricas__DS_OCUPACAO_ESCULTOR E PINTOR;-0,33819267468089453;0,33819267468089453;Ocupação: ESCULTOR E PINTOR;Menor probabilidade estimada de eleição
categoricas__DS_OCUPACAO_ASTRÔNOMO;-0,33429727636881085;0,33429727636881085;Ocupação: ASTRÔNOMO;Menor probabilidade estimada de eleição
categoricas__DS_OCUPACAO_MARINHEIRO CIVIL, CANOEIRO, EMBARCADO E ASSEMELHADOS;-0,32939458077596756;0,32939458077596756;Ocupação: MARINHEIRO CIVIL, CANOEIRO, EMBARCADO E ASSEMELHADOS;Menor probabilidade estimada de eleição
categoricas__DS_OCUPACAO_CHAVEIRO;-0,32734911843143194;0,32734911843143194;Ocupação: CHAVEIRO;Menor probabilidade estimada de eleição
categoricas__DS_OCUPACAO_SALVA-VIDAS;-0,3120098168358873;0,3120098168358873;Ocupação: SALVA-VIDAS;Menor probabilidade estimada de eleição
categoricas__DS_OCUPACAO_TAXISTA E MOTORISTA PARTICULAR;-0,31095108082564477;0,31095108082564477;Ocupação: TAXISTA E MOTORISTA PARTICULAR;Menor probabilidade estimada de eleição
categoricas__DS_OCUPACAO_ALFAIATE E COSTUREIRO;-0,3108952109740024;0,3108952109740024;Ocupação: ALFAIATE E COSTUREIRO;Menor probabilidade estimada de eleição
categoricas__DS_OCUPACAO_ATOR E DIRETOR DE ESPETÁCULOS PÚBLICOS;-0,3093999053707749;0,3093999053707749;Ocupação: ATOR E DIRETOR DE ESPETÁCULOS PÚBLICOS;Menor probabilidade estimada de eleição
categoricas__DS_OCUPACAO_DONA DE CASA;-0,30910460892775576;0,30910460892775576;Ocupação: DONA DE CASA;Menor probabilidade estimada de eleição
categoricas__DS_OCUPACAO_LEILOEIRO, AVALIADOR E ASSEMELHADOS;-0,3088104957823468;0,3088104957823468;Ocupação: LEILOEIRO, AVALIADOR E ASSEMELHADOS;Menor probabilidade estimada de eleição
categoricas__DS_OCUPACAO_TELEFONISTA;-0,30116375763090547;0,30116375763090547;Ocupação: TELEFONISTA;Menor probabilidade estimada de eleição
categoricas__DS_OCUPACAO_CABELEIREIRO, BARBEIRO, MANICURE, MAQUILADOR, ESTETICISTA E MASSAGISTA;-0,29883445858488794;0,29883445858488794;Ocupação: CABELEIREIRO, BARBEIRO, MANICURE, MAQUILADOR, ESTETICISTA E MASSAGISTA;Menor probabilidade estimada de eleição
categoricas__DS_OCUPACAO_QUÍMICO;-0,2863742998533245;0,2863742998533245;Ocupação: QUÍMICO;Menor probabilidade estimada de eleição
categoricas__DS_OCUPACAO_TRABALHADOR DE HOTELARIA;-0,2763827227635517;0,2763827227635517;Ocupação: TRABALHADOR DE HOTELARIA;Menor probabilidade estimada de eleição
categoricas__DS_OCUPACAO_TÉCNICO DE QUÍMICA;-0,2736005787543686;0,2736005787543686;Ocupação: TÉCNICO DE QUÍMICA;Menor probabilidade estimada de eleição
categoricas__DS_OCUPACAO_CORRETOR DE IMÓVEIS, SEGUROS, TÍTULOS E VALORES;-0,27085089598751677;0,27085089598751677;Ocupação: CORRETOR DE IMÓVEIS, SEGUROS, TÍTULOS E VALORES;Menor probabilidade estimada de eleição
categoricas__DS_OCUPACAO_OCUPANTE DE CARGO EM COMISSÃO;-0,263600709579611;0,263600709579611;Ocupação: OCUPANTE DE CARGO EM COMISSÃO;Menor probabilidade estimada de eleição
categoricas__DS_GRAU_INSTRUCAO_ENSINO MÉDIO INCOMPLETO;-0,25142137882395155;0,25142137882395155;Escolaridade: ENSINO MÉDIO INCOMPLETO;Menor probabilidade estimada de eleição
categoricas__DS_OCUPACAO_TRABALHADOR DE FABRICAÇÃO E PREPARAÇÃO DE ALIMENTOS E BEBIDAS;-0,25040084299841825;0,25040084299841825;Ocupação: TRABALHADOR DE FABRICAÇÃO E PREPARAÇÃO DE ALIMENTOS E BEBIDAS;Menor probabilidade estimada de eleição
categoricas__DS_OCUPACAO_MONTADOR DE MÁQUINAS;-0,23913949430906614;0,23913949430906614;Ocupação: MONTADOR DE MÁQUINAS;Menor probabilidade estimada de eleição
categoricas__DS_OCUPACAO_MECÂNICO DE MANUTENÇÃO;-0,23695682689610426;0,23695682689610426;Ocupação: MECÂNICO DE MANUTENÇÃO;Menor probabilidade estimada de eleição
categoricas__SG_PARTIDO_PCB;-0,23344159633454295;0,23344159633454295;Partido: PCB;Menor probabilidade estimada de eleição
categoricas__DS_OCUPACAO_DECORADOR;-0,2304499928574944;0,2304499928574944;Ocupação: DECORADOR;Menor probabilidade estimada de eleição
numericas__idade;-0,2257710597656138;0,2257710597656138;Idade;Menor probabilidade estimada de eleição
categoricas__DS_OCUPACAO_OCEANÓGRAFO;-0,21922787366907195;0,21922787366907195;Ocupação: OCEANÓGRAFO;Menor probabilidade estimada de eleição
categoricas__DS_GRAU_INSTRUCAO_ANALFABETO;-0,21705527534723743;0,21705527534723743;Escolaridade: ANALFABETO;Menor probabilidade estimada de eleição
categoricas__DS_OCUPACAO_DIRETOR DE EMPRESAS;-0,21612189880512442;0,21612189880512442;Ocupação: DIRETOR DE EMPRESAS;Menor probabilidade estimada de eleição
categoricas__DS_OCUPACAO_JORNALEIRO;-0,2149957810567124;0,2149957810567124;Ocupação: JORNALEIRO;Menor probabilidade estimada de eleição
categoricas__DS_OCUPACAO_MODELO;-0,21423782023111718;0,21423782023111718;Ocupação: MODELO;Menor probabilidade estimada de eleição
categoricas__DS_GRAU_INSTRUCAO_ENSINO FUNDAMENTAL INCOMPLETO;-0,21285155850689175;0,21285155850689175;Escolaridade: ENSINO FUNDAMENTAL INCOMPLETO;Menor probabilidade estimada de eleição
categoricas__SG_PARTIDO_UP;-0,21184370090721166;0,21184370090721166;Partido: UP;Menor probabilidade estimada de eleição
categoricas__DS_OCUPACAO_ESCRITOR E CRÍTICO;-0,20659927666275663;0,20659927666275663;Ocupação: ESCRITOR E CRÍTICO;Menor probabilidade estimada de eleição
categoricas__DS_OCUPACAO_RELAÇÕES-PÚBLICAS;-0,20266065223106725;0,20266065223106725;Ocupação: RELAÇÕES-PÚBLICAS;Menor probabilidade estimada de eleição
categoricas__DS_OCUPACAO_BIBLIOTECÁRIO, ARQUIVISTA, MUSEÓLOGO E ARQUEÓLOGO;-0,19658150398143734;0,19658150398143734;Ocupação: BIBLIOTECÁRIO, ARQUIVISTA, MUSEÓLOGO E ARQUEÓLOGO;Menor probabilidade estimada de eleição
categoricas__DS_OCUPACAO_MATEMÁTICO E ATUÁRIO;-0,19607595685141782;0,19607595685141782;Ocupação: MATEMÁTICO E ATUÁRIO;Menor probabilidade estimada de eleição
categoricas__DS_OCUPACAO_TRABALHADOR DE FABRICAÇÃO DE ROUPAS;-0,19598582059669736;0,19598582059669736;Ocupação: TRABALHADOR DE FABRICAÇÃO DE ROUPAS;Menor probabilidade estimada de eleição
categoricas__DS_OCUPACAO_FISCAL;-0,1959056564253951;0,1959056564253951;Ocupação: FISCAL;Menor probabilidade estimada de eleição
categoricas__DS_OCUPACAO_MEMBRO DAS FORÇAS ARMADAS;-0,19405655435648944;0,19405655435648944;Ocupação: MEMBRO DAS FORÇAS ARMADAS;Menor probabilidade estimada de eleição
categoricas__DS_OCUPACAO_FISCAL DE TRANSPORTE COLETIVO;-0,1923869602600897;0,1923869602600897;Ocupação: FISCAL DE TRANSPORTE COLETIVO;Menor probabilidade estimada de eleição
categoricas__DS_OCUPACAO_BIÓLOGO E BIOMÉDICO;-0,1914657072023426;0,1914657072023426;Ocupação: BIÓLOGO E BIOMÉDICO;Menor probabilidade estimada de eleição
categoricas__DS_OCUPACAO_CANTOR E COMPOSITOR;-0,18895349147043966;0,18895349147043966;Ocupação: CANTOR E COMPOSITOR;Menor probabilidade estimada de eleição
categoricas__DS_OCUPACAO_CHAPELEIRO;-0,18364230636715723;0,18364230636715723;Ocupação: CHAPELEIRO;Menor probabilidade estimada de eleição
categoricas__DS_OCUPACAO_DETETIVE PARTICULAR;-0,18026059880982184;0,18026059880982184;Ocupação: DETETIVE PARTICULAR;Menor probabilidade estimada de eleição
categoricas__DS_OCUPACAO_TAPECEIRO;-0,17960291218248073;0,17960291218248073;Ocupação: TAPECEIRO;Menor probabilidade estimada de eleição
categoricas__DS_OCUPACAO_MILITAR REFORMADO;-0,17589464795567222;0,17589464795567222;Ocupação: MILITAR REFORMADO;Menor probabilidade estimada de eleição
categoricas__DS_OCUPACAO_TRABALHADOR DE MINAS E PEDREIRAS, SONDADOR E ASSEMELHADOS;-0,1747883407282825;0,1747883407282825;Ocupação: TRABALHADOR DE MINAS E PEDREIRAS, SONDADOR E ASSEMELHADOS;Menor probabilidade estimada de eleição
categoricas__DS_OCUPACAO_AGENTE DE SERVIÇOS FUNERÁRIOS E EMBALSAMADOR;-0,17418667014228897;0,17418667014228897;Ocupação: AGENTE DE SERVIÇOS FUNERÁRIOS E EMBALSAMADOR;Menor probabilidade estimada de eleição
categoricas__DS_OCUPACAO_DEMONSTRADOR;-0,173931471369884;0,173931471369884;Ocupação: DEMONSTRADOR;Menor probabilidade estimada de eleição
categoricas__DS_OCUPACAO_LOCUTOR E COMENTARISTA DE RÁDIO E TELEVISÃO E RADIALISTA;-0,16941896949732096;0,16941896949732096;Ocupação: LOCUTOR E COMENTARISTA DE RÁDIO E TELEVISÃO E RADIALISTA;Menor probabilidade estimada de eleição
categoricas__SG_PARTIDO_PSTU;-0,1628822855138475;0,1628822855138475;Partido: PSTU;Menor probabilidade estimada de eleição
categoricas__DS_GRAU_INSTRUCAO_ENSINO FUNDAMENTAL COMPLETO;-0,15882039628788078;0,15882039628788078;Escolaridade: ENSINO FUNDAMENTAL COMPLETO;Menor probabilidade estimada de eleição
categoricas__DS_OCUPACAO_EMBALADOR, EMPACOTADOR E ASSEMELHADOS;-0,15684846309909506;0,15684846309909506;Ocupação: EMBALADOR, EMPACOTADOR E ASSEMELHADOS;Menor probabilidade estimada de eleição
categoricas__DS_OCUPACAO_TÉCNICO DE MINERAÇÃO, METALURGIA E GEOLOGIA;-0,14878550225637663;0,14878550225637663;Ocupação: TÉCNICO DE MINERAÇÃO, METALURGIA E GEOLOGIA;Menor probabilidade estimada de eleição
categoricas__DS_OCUPACAO_CARVOEIRO;-0,14714150337112655;0,14714150337112655;Ocupação: CARVOEIRO;Menor probabilidade estimada de eleição
categoricas__DS_OCUPACAO_OPERADOR DE COMPUTADOR;-0,13990600332537964;0,13990600332537964;Ocupação: OPERADOR DE COMPUTADOR;Menor probabilidade estimada de eleição
categoricas__DS_OCUPACAO_MESTRE E CONTRAMESTRE DE EMBARCAÇÃO;-0,13938454543470244;0,13938454543470244;Ocupação: MESTRE E CONTRAMESTRE DE EMBARCAÇÃO;Menor probabilidade estimada de eleição
categoricas__DS_OCUPACAO_PETROLEIRO;-0,13920963125205255;0,13920963125205255;Ocupação: PETROLEIRO;Menor probabilidade estimada de eleição
categoricas__DS_OCUPACAO_BIBLIOTECÁRIO;-0,13746115494204794;0,13746115494204794;Ocupação: BIBLIOTECÁRIO;Menor probabilidade estimada de eleição
categoricas__DS_OCUPACAO_GARÇOM;-0,13664405818562955;0,13664405818562955;Ocupação: GARÇOM;Menor probabilidade estimada de eleição
categoricas__DS_COR_RACA_PARDA;-0,13301126074746933;0,13301126074746933;Cor/raça: PARDA;Menor probabilidade estimada de eleição
categoricas__SG_PARTIDO_AGIR;-0,12691856842321902;0,12691856842321902;Partido: AGIR;Menor probabilidade estimada de eleição
categoricas__DS_OCUPACAO_TÉCNICO DE ELETRICIDADE, ELETRÔNICA E TELECOMUNICAÇÕES;-0,12535340608274395;0,12535340608274395;Ocupação: TÉCNICO DE ELETRICIDADE, ELETRÔNICA E TELECOMUNICAÇÕES;Menor probabilidade estimada de eleição
categoricas__DS_OCUPACAO_VETERINÁRIO;-0,12419755896182855;0,12419755896182855;Ocupação: VETERINÁRIO;Menor probabilidade estimada de eleição
categoricas__DS_OCUPACAO_DIGITADOR;-0,11629033579530168;0,11629033579530168;Ocupação: DIGITADOR;Menor probabilidade estimada de eleição
categoricas__DS_OCUPACAO_COVEIRO;-0,11322648335445745;0,11322648335445745;Ocupação: COVEIRO;Menor probabilidade estimada de eleição
categoricas__DS_OCUPACAO_SECURITÁRIO;-0,10643006134174923;0,10643006134174923;Ocupação: SECURITÁRIO;Menor probabilidade estimada de eleição
categoricas__DS_COR_RACA_INDÍGENA;-0,1045255422576875;0,1045255422576875;Cor/raça: INDÍGENA;Menor probabilidade estimada de eleição
categoricas__DS_OCUPACAO_ESCULTOR, PINTOR, ARTISTA PLÁSTICO E ASSEMELHADOS;-0,10177483516863041;0,10177483516863041;Ocupação: ESCULTOR, PINTOR, ARTISTA PLÁSTICO E ASSEMELHADOS;Menor probabilidade estimada de eleição
categoricas__DS_OCUPACAO_ECONOMISTA;-0,09706353221969034;0,09706353221969034;Ocupação: ECONOMISTA;Menor probabilidade estimada de eleição
categoricas__DS_OCUPACAO_AGRÔNOMO;-0,08095911741195345;0,08095911741195345;Ocupação: AGRÔNOMO;Menor probabilidade estimada de eleição
categoricas__DS_OCUPACAO_BANCÁRIO E ECONOMIÁRIO;-0,08079477267354093;0,08079477267354093;Ocupação: BANCÁRIO E ECONOMIÁRIO;Menor probabilidade estimada de eleição
categoricas__DS_OCUPACAO_GARI OU LIXEIRO;-0,07814973393988432;0,07814973393988432;Ocupação: GARI OU LIXEIRO;Menor probabilidade estimada de eleição
categoricas__DS_OCUPACAO_ASTRÓLOGO;-0,06061952959750724;0,06061952959750724;Ocupação: ASTRÓLOGO;Menor probabilidade estimada de eleição
categoricas__DS_OCUPACAO_TRABALHADOR DE TRATAMENTO DE FUMO E DE FABRICAÇÃO DE CIGARROS/CHARUTOS;-0,060603575520215;0,060603575520215;Ocupação: TRABALHADOR DE TRATAMENTO DE FUMO E DE FABRICAÇÃO DE CIGARROS/CHARUTOS;Menor probabilidade estimada de eleição
categoricas__DS_OCUPACAO_ESTIVADOR, CARREGADOR, EMBALADOR E ASSEMELHADOS;-0,05595098183015215;0,05595098183015215;Ocupação: ESTIVADOR, CARREGADOR, EMBALADOR E ASSEMELHADOS;Menor probabilidade estimada de eleição
categoricas__DS_OCUPACAO_COREÓGRAFO E BAILARINO;-0,04447376902486511;0,04447376902486511;Ocupação: COREÓGRAFO E BAILARINO;Menor probabilidade estimada de eleição
categoricas__DS_OCUPACAO_JORNALISTA E REDATOR;-0,04078607319975042;0,04078607319975042;Ocupação: JORNALISTA E REDATOR;Menor probabilidade estimada de eleição
categoricas__DS_OCUPACAO_VIGILANTE;-0,031221599484156932;0,031221599484156932;Ocupação: VIGILANTE;Menor probabilidade estimada de eleição
categoricas__DS_OCUPACAO_CERAMISTA E OLEIRO;-0,03084343678409824;0,03084343678409824;Ocupação: CERAMISTA E OLEIRO;Menor probabilidade estimada de eleição
categoricas__DS_OCUPACAO_AUXILIAR DE LABORATÓRIO;-0,02403988751185904;0,02403988751185904;Ocupação: AUXILIAR DE LABORATÓRIO;Menor probabilidade estimada de eleição
categoricas__DS_OCUPACAO_ARQUIVISTA E MUSEÓLOGO;-0,023696196952147003;0,023696196952147003;Ocupação: ARQUIVISTA E MUSEÓLOGO;Menor probabilidade estimada de eleição
categoricas__SG_PARTIDO_PDT;-0,0018587919934866404;0,0018587919934866404;Partido: PDT;Menor probabilidade estimada de eleição
